id;status;gesendet_am;notiz
R01-M;offen;;
R01-01;offen;;
R01-02;offen;;
R01-03;offen;;
R01-04;offen;;
R01-05;offen;;
R01-H;offen;;
R02-M;offen;;
R02-01;offen;;
R02-02;offen;;
R02-03;offen;;
R02-04;offen;;
R02-05;offen;;
R02-06;offen;;
R02-H;offen;;
R03-M;offen;;
R03-01;offen;;
R03-02;offen;;
R03-03;offen;;
R03-04;offen;;
R03-05;offen;;
R03-06;offen;;
R03-H;offen;;
R04-M;offen;;
R04-01;offen;;
R04-02;offen;;
R04-03;offen;;
R04-04;offen;;
R04-05;offen;;
R04-06;offen;;
R04-H;offen;;
R05-M;offen;;
R05-01;offen;;
R05-02;offen;;
R05-03;offen;;
R05-04;offen;;
R05-H;offen;;
R06-M;offen;;
R06-01;offen;;
R06-02;offen;;
R06-03;offen;;
R06-04;offen;;
R06-05;offen;;
R06-H;offen;;
R07-M;offen;;
R07-01;offen;;
R07-02;offen;;
R07-03;offen;;
R07-04;offen;;
R07-05;offen;;
R07-H;offen;;
R08-M;offen;;
R08-01;offen;;
R08-02;offen;;
R08-03;offen;;
R08-04;offen;;
R08-05;offen;;
R08-06;offen;;
R08-H;offen;;
R09-M;offen;;
R09-01;offen;;
R09-02;offen;;
R09-03;offen;;
R09-04;offen;;
R09-05;offen;;
R09-H;offen;;
R10-M;offen;;
R10-01;offen;;
R10-02;offen;;
R10-03;offen;;
R10-04;offen;;
R10-05;offen;;
R10-H;offen;;
R11-M;offen;;
R11-01;offen;;
R11-02;offen;;
R11-03;offen;;
R11-04;offen;;
R11-05;offen;;
R11-H;offen;;
R12-M;offen;;
R12-01;offen;;
R12-02;offen;;
R12-03;offen;;
R12-04;offen;;
R12-05;offen;;
R12-H;offen;;
R13-M;offen;;
R13-01;offen;;
R13-02;offen;;
R13-03;offen;;
R13-04;offen;;
R13-05;offen;;
R13-H;offen;;
R14-M;offen;;
R14-01;offen;;
R14-02;offen;;
R14-03;offen;;
R14-04;offen;;
R14-05;offen;;
R14-H;offen;;
R15-M;offen;;
R15-01;offen;;
R15-02;offen;;
R15-03;offen;;
R15-04;offen;;
R15-05;offen;;
R15-H;offen;;
R16-M;offen;;
R16-01;offen;;
R16-02;offen;;
R16-03;offen;;
R16-04;offen;;
R16-05;offen;;
R16-H;offen;;
R17-M;offen;;
R17-01;offen;;
R17-02;offen;;
R17-03;offen;;
R17-04;offen;;
R17-05;offen;;
R17-H;offen;;
R18-M;offen;;
R18-01;offen;;
R18-02;offen;;
R18-03;offen;;
R18-04;offen;;
R18-05;offen;;
R18-H;offen;;
R19-M;offen;;
R19-01;offen;;
R19-02;offen;;
R19-03;offen;;
R19-04;offen;;
R19-05;offen;;
R19-H;offen;;
R20-M;offen;;
R20-01;offen;;
R20-02;offen;;
R20-03;offen;;
R20-04;offen;;
R20-05;offen;;
R20-H;offen;;
R21-M;offen;;
R21-01;offen;;
R21-02;offen;;
R21-03;offen;;
R21-04;offen;;
R21-05;offen;;
R21-H;offen;;
R22-M;offen;;
R22-01;offen;;
R22-02;offen;;
R22-03;offen;;
R22-04;offen;;
R22-05;offen;;
R22-H;offen;;
R23-M;offen;;
R23-01;offen;;
R23-02;offen;;
R23-03;offen;;
R23-04;offen;;
R23-05;offen;;
R23-H;offen;;
R24-M;offen;;
R24-01;offen;;
R24-02;offen;;
R24-03;offen;;
R24-04;offen;;
R24-H;offen;;
